﻿pos_x,pos_y,rotation,side,designator,mpn,pack,footprint,value,mount_type
105.563,-92.299,0.0,top,A1,,,A4988,Pololu_Breakout_A4988,tht
105.563,-68.169,0.0,top,A2,,,A4988,Pololu_Breakout_A4988,tht
105.563,-116.429,0.0,top,A3,,,A4988,Pololu_Breakout_A4988,tht
158.141,-125.954,0.0,top,C1,,,C_Radial_D5.0mm_H11.0mm_P2.00mm,1uF,tht
117.374,-53.0,180.0,top,C2,,,C_Radial_D5.0mm_H11.0mm_P2.00mm,1uF,tht
138.583,-97.379,0.0,top,ESP32 WROOM 32D DEVKIT1,,,ESP32 WROOM 32D,~,tht
114.636,-45.0,0.0,top,J1,,,TerminalBlock_MetzConnect_Type059_RT06302HBWC_1x02_P3.50mm_Horizontal,Screw_Terminal_01x02,tht
96.656,-80.789,90.0,top,J2,,,JST_XH_B4B-XH-A_1x04_P2.50mm_Vertical,Conn_01x04_Socket,tht
96.656,-104.929,90.0,top,J3,,,JST_XH_B4B-XH-A_1x04_P2.50mm_Vertical,Conn_01x04_Socket,tht
96.656,-126.723,90.0,top,J4,,,JST_XH_B4B-XH-A_1x04_P2.50mm_Vertical,Conn_01x04_Socket,tht
161.133,-132.939,180.0,top,J5,,,TerminalBlock_MetzConnect_Type059_RT06302HBWC_1x02_P3.50mm_Horizontal,Screw_Terminal_01x02,tht
157.633,-103.983,90.0,top,M1,,,PinHeader_1x03_P2.54mm_Vertical,Motor_Servo,tht
157.633,-107.793,90.0,top,M2,,,PinHeader_1x03_P2.54mm_Vertical,Motor_Servo,tht
157.633,-111.603,90.0,top,M3,,,PinHeader_1x03_P2.54mm_Vertical,Motor_Servo,tht
169.317,-107.285,0.0,top,RV1,,,PinHeader_1x03_P2.54mm_Vertical,R_Potentiometer,tht
171.603,-119.223,180.0,top,SW1,,,SW_XKB_DM1-16UP-1,SW_SPDT,tht
120.422,-60.041,180.0,top,SW2,,,SW_XKB_DM1-16UP-1,SW_SPDT,tht
124.209,-127.931,0.0,top,SW3,,,SW_PUSH_6mm,SW_Push,tht
138.583,-54.056,0.0,top,U1,,,INA219 DC current sensor,INA219,tht
175.159,-104.999,180.0,top,U2,,,PinHeader_1x07_P2.54mm_Vertical,GC9A01,tht
155.855,-57.247,90.0,top,U3,,,PinHeader_1x04_P2.54mm_Vertical,PCA9685,tht
157.125,-72.614,-90.0,top,U4,,,L9110,L9110,tht
155.855,-51.151,90.0,top,U5,,,PinHeader_1x04_P2.54mm_Vertical,VL6180X,tht
155.855,-46.833,90.0,top,U6,,,PinHeader_1x04_P2.54mm_Vertical,VL6180X,tht
