﻿Designator,Quantity,Value,Footprint,Package,MPN,DNP,Mount_Type,Description
"A1, A2, A3",3,Pololu_Breakout_A4988,A4988,,,,tht,"Pololu Breakout Board, Stepper Driver A4988"
"C1, C2",2,1uF,C_Radial_D5.0mm_H11.0mm_P2.00mm,,,,tht,Unpolarized capacitor
ESP32 WROOM 32D DEVKIT1,1,~,ESP32 WROOM 32D,,,,tht,
"J1, J5",2,Screw_Terminal_01x02,TerminalBlock_MetzConnect_Type059_RT06302HBWC_1x02_P3.50mm_Horizontal,,,,tht,"Generic screw terminal, single row, 01x02, script generated (kicad-library-utils/schlib/autogen/connector/)"
"J2, J3, J4",3,Conn_01x04_Socket,JST_XH_B4B-XH-A_1x04_P2.50mm_Vertical,,,,tht,"Generic connector, single row, 01x04, script generated"
"M1, M2, M3",3,Motor_Servo,PinHeader_1x03_P2.54mm_Vertical,,,,tht,"Servo Motor (Futaba, HiTec, JR connector)"
RV1,1,R_Potentiometer,PinHeader_1x03_P2.54mm_Vertical,,,,tht,Potentiometer
"SW1, SW2",2,SW_SPDT,SW_XKB_DM1-16UP-1,,,,tht,"Switch, single pole double throw"
SW3,1,SW_Push,SW_PUSH_6mm,,,,tht,"Push button switch, generic, two pins"
U1,1,INA219,INA219 DC current sensor,,,,tht,
U2,1,GC9A01,PinHeader_1x07_P2.54mm_Vertical,,,,tht,
U3,1,PCA9685,PinHeader_1x04_P2.54mm_Vertical,,,,tht,
U4,1,L9110,L9110,,,,tht,
"U5, U6",2,VL6180X,PinHeader_1x04_P2.54mm_Vertical,,,,tht,
