﻿pos_x,pos_y,rotation,side,designator,mpn,pack,footprint,value,mount_type
106.67,-96.52,180.0,top,A1,,,A4988,Pololu_Breakout_A4988,tht
112.515,-59.055,0.0,top,A2,,,A4988,Pololu_Breakout_A4988,tht
112.93,-98.425,0.0,top,A3,,,A4988,Pololu_Breakout_A4988,tht
177.79,-127.635,180.0,top,A4,,,A4988,Pololu_Breakout_A4988,tht
116.205,-48.165,-90.0,top,C2,,,C_Radial_D5.0mm_H11.0mm_P2.00mm,1uF,tht
185.42,-53.34,-90.0,top,D1,,,LED_D5.0mm,LED,tht
146.0,-97.379,0.0,top,ESP32 WROOM 32D DEVKIT1,,,ESP32 WROOM 32D,~,tht
106.865,-50.915,90.0,top,J1,,,TerminalBlock_MetzConnect_Type059_RT06302HBWC_1x02_P3.50mm_Horizontal,Screw_Terminal_01x02,tht
105.41,-71.755,90.0,top,J2,,,JST_XH_B4B-XH-A_1x04_P2.50mm_Vertical,Conn_01x04_Socket,tht
114.825,-83.88,-90.0,top,J3,,,JST_XH_B4B-XH-A_1x04_P2.50mm_Vertical,Conn_01x04_Socket,tht
105.41,-111.065,90.0,top,J4,,,JST_XH_B4B-XH-A_1x04_P2.50mm_Vertical,Conn_01x04_Socket,tht
171.704,-87.376,90.0,top,J5,,,PinHeader_1x02_P2.54mm_Vertical,Conn_01x02_Socket,tht
184.785,-114.935,-90.0,top,J6,,,JST_XH_B4B-XH-A_1x04_P2.50mm_Vertical,Conn_01x04_Socket,tht
184.785,-71.755,180.0,top,R1,,,R_Axial_DIN0207_L6.3mm_D2.5mm_P10.16mm_Horizontal,330,tht
168.925,-104.14,90.0,top,RV1,,,PinHeader_1x03_P2.54mm_Vertical,R_Potentiometer,tht
130.81,-47.61,-90.0,top,SW2,,,SW_XKB_DM1-16UP-1,SW_SPDT,tht
152.4,-127.29,0.0,top,SW3,,,SW_PUSH_6mm,SW_Push,tht
133.275,-127.29,0.0,top,SW4,,,SW_PUSH_6mm,SW_Push,tht
147.955,-54.38,0.0,top,U1,,,INA219 DC current sensor,INA219,tht
185.0,-104.999,180.0,top,U2,,,PinHeader_1x07_P2.54mm_Vertical,GC9A01,tht
167.64,-57.404,90.0,top,U3,,,PinHeader_1x04_P2.54mm_Vertical,PCA9685,tht
165.84,-73.0,-90.0,top,U4,,,L9110,L9110,tht
167.64,-51.308,90.0,top,U5,,,PinHeader_1x04_P2.54mm_Vertical,VL6180X,tht
167.64,-46.99,90.0,top,U6,,,PinHeader_1x04_P2.54mm_Vertical,VL6180X,tht
111.275322,-128.285092,0.0,top,U7,,,4R7,4R7,tht
