﻿Designator,Quantity,Value,Footprint,Package,MPN,DNP,Mount_Type,Description
"A1, A2, A3, A4",4,Pololu_Breakout_A4988,A4988,,,,tht,"Pololu Breakout Board, Stepper Driver A4988"
C2,1,1uF,C_Radial_D5.0mm_H11.0mm_P2.00mm,,,,tht,Unpolarized capacitor
D1,1,LED,LED_D5.0mm,,,,tht,Light emitting diode
ESP32 WROOM 32D DEVKIT1,1,~,ESP32 WROOM 32D,,,,tht,
J1,1,Screw_Terminal_01x02,TerminalBlock_MetzConnect_Type059_RT06302HBWC_1x02_P3.50mm_Horizontal,,,,tht,"Generic screw terminal, single row, 01x02, script generated (kicad-library-utils/schlib/autogen/connector/)"
"J2, J3, J4, J6",4,Conn_01x04_Socket,JST_XH_B4B-XH-A_1x04_P2.50mm_Vertical,,,,tht,"Generic connector, single row, 01x04, script generated"
J5,1,Conn_01x02_Socket,PinHeader_1x02_P2.54mm_Vertical,,,,tht,"Generic connector, single row, 01x02, script generated"
R1,1,330,R_Axial_DIN0207_L6.3mm_D2.5mm_P10.16mm_Horizontal,,,,tht,Resistor
RV1,1,R_Potentiometer,PinHeader_1x03_P2.54mm_Vertical,,,,tht,Potentiometer
SW2,1,SW_SPDT,SW_XKB_DM1-16UP-1,,,,tht,"Switch, single pole double throw"
"SW3, SW4",2,SW_Push,SW_PUSH_6mm,,,,tht,"Push button switch, generic, two pins"
U1,1,INA219,INA219 DC current sensor,,,,tht,
U2,1,GC9A01,PinHeader_1x07_P2.54mm_Vertical,,,,tht,
U3,1,PCA9685,PinHeader_1x04_P2.54mm_Vertical,,,,tht,
U4,1,L9110,L9110,,,,tht,
"U5, U6",2,VL6180X,PinHeader_1x04_P2.54mm_Vertical,,,,tht,
U7,1,4R7,4R7,,,,tht,
